Actual Class,Predicted Class
363,363
619,619
155,155
490,490
453,453
28,28
506,506
183,183
449,449
636,636
393,393
390,390
619,619
138,138
42,42
21,21
235,235
104,104
182,182
535,535
16,16
647,615
656,656
466,466
648,648
132,132
643,643
269,269
94,94
17,17
355,355
646,646
16,16
69,69
45,45
225,225
504,504
60,60
452,452
108,108
416,416
274,274
140,140
341,341
268,268
10,10
532,532
302,302
619,619
323,323
484,484
179,179
547,547
15,15
383,383
342,342
306,306
380,380
34,34
426,426
440,440
385,385
627,627
133,133
618,618
34,34
385,385
440,440
576,576
512,512
546,546
633,633
288,288
438,438
318,318
138,138
472,472
604,604
600,343
113,113
104,104
96,96
502,502
430,430
490,490
186,186
449,449
301,301
631,631
355,355
514,514
605,605
52,52
140,140
651,651
457,457
347,347
153,153
195,195
214,214
40,40
319,319
609,609
558,558
283,283
373,373
11,11
506,506
425,425
32,32
580,580
565,565
609,609
82,82
493,527
58,58
509,509
462,462
32,32
502,502
244,250
83,83
239,323
402,402
460,460
323,323
339,339
131,131
125,125
48,48
48,48
284,284
96,96
149,149
306,306
316,316
605,605
330,330
92,92
363,601
631,631
124,122
286,286
528,528
409,409
375,375
456,456
134,134
312,312
334,334
478,478
565,565
66,66
268,268
362,362
86,86
392,392
543,543
309,309
330,245
528,528
27,27
4,4
279,279
383,383
372,440
423,423
583,583
184,184
520,520
602,602
161,161
105,105
508,508
471,471
555,555
634,634
345,345
505,505
344,344
37,37
581,581
296,296
191,191
461,461
571,571
20,20
156,156
81,81
453,453
9,9
579,579
127,127
491,491
473,473
93,93
340,340
452,452
137,137
74,74
613,613
615,615
165,165
656,656
195,195
76,76
56,56
176,176
10,10
408,408
7,7
650,650
232,232
214,214
60,60
329,329
30,30
450,450
156,156
460,460
101,101
572,572
582,582
540,540
349,349
269,269
622,622
301,301
626,626
428,428
414,414
268,268
340,340
371,371
61,61
554,554
312,312
415,415
34,34
404,404
652,652
473,473
368,368
381,381
491,491
127,127
173,173
592,592
325,325
589,589
545,545
634,634
616,616
24,24
415,415
561,561
108,108
640,640
123,123
181,181
274,274
352,352
468,468
84,84
240,240
418,418
198,198
236,236
493,493
302,302
272,272
79,79
12,12
230,230
545,545
310,310
200,200
133,133
244,244
191,191
51,51
336,336
288,288
214,214
25,619
436,436
574,574
462,462
450,450
642,642
517,517
132,132
398,398
638,638
371,371
36,36
176,176
597,597
548,548
14,14
641,641
76,76
518,518
353,353
133,133
496,496
109,109
589,368
93,93
158,158
342,342
363,363
20,20
380,380
360,360
15,15
327,327
350,350
608,608
439,439
359,359
169,169
276,276
194,194
559,559
341,341
108,108
576,576
412,412
368,368
285,285
561,561
266,266
374,374
59,59
416,416
323,323
311,311
362,362
364,364
244,244
647,647
485,485
251,251
570,570
533,533
566,566
76,76
191,191
407,407
1,1
509,509
309,309
243,243
326,326
520,520
223,223
31,31
604,604
389,389
404,404
336,336
179,554
389,389
272,272
608,608
485,485
576,576
303,303
226,226
392,392
603,603
60,60
148,148
56,56
382,382
516,516
341,341
369,369
272,272
92,143
573,573
421,421
142,142
419,419
277,277
82,82
616,616
477,477
186,186
18,18
393,393
132,132
444,444
1,1
504,504
82,82
102,102
653,653
312,312
353,353
76,76
623,623
570,570
273,273
290,290
51,51
538,538
331,331
628,628
456,456
205,205
645,645
35,36
137,137
485,485
595,595
174,174
624,624
141,141
326,326
95,95
565,565
426,426
394,394
201,201
233,233
592,592
89,89
241,241
341,341
58,58
312,312
116,116
70,70
521,521
212,212
119,119
36,36
385,385
343,343
598,598
202,202
577,577
332,332
468,468
474,474
180,180
198,198
115,115
248,248
268,268
77,77
291,291
379,379
120,120
99,99
385,385
204,204
10,10
451,451
157,157
144,144
469,469
101,101
261,261
376,376
98,98
545,545
204,204
160,160
297,297
401,401
298,298
199,199
163,163
257,257
150,150
459,459
204,204
593,593
249,249
444,444
238,238
203,203
284,284
196,196
115,115
486,537
8,8
346,346
210,210
495,495
151,151
23,23
495,495
512,512
396,396
278,278
415,415
139,139
358,358
69,69
32,32
362,362
193,193
580,580
240,240
140,140
123,123
597,597
215,215
290,290
544,544
124,124
281,281
488,488
59,59
95,95
239,239
362,362
63,63
129,129
268,268
526,526
601,601
310,310
639,639
69,69
140,140
220,220
650,650
253,253
530,530
25,25
171,171
97,488
450,450
476,476
414,414
494,494
252,252
22,22
462,462
601,601
508,508
563,563
162,162
126,126
108,108
387,387
224,224
245,245
157,157
536,536
316,316
398,398
654,654
642,642
613,613
5,5
83,83
563,563
64,64
545,545
381,381
135,135
257,257
151,151
189,189
319,319
554,554
139,139
13,13
324,324
503,503
586,586
245,245
53,53
342,342
538,538
143,143
227,227
595,595
75,75
146,146
236,236
285,506
632,632
350,350
656,656
160,160
383,383
612,612
190,190
141,141
129,129
22,22
472,472
366,366
531,531
499,499
458,458
469,469
456,456
249,249
654,654
472,472
613,613
384,384
231,231
90,90
383,383
95,95
207,207
78,78
8,8
266,266
314,314
369,369
636,636
499,499
631,631
396,396
16,16
620,620
17,17
549,549
248,248
162,162
402,402
506,506
265,265
28,28
93,93
189,189
245,245
132,132
636,636
518,518
657,657
584,584
592,592
115,115
86,86
397,397
579,579
261,261
448,448
45,45
246,110
219,219
578,578
379,379
432,432
227,227
564,564
241,241
197,197
497,344
577,577
536,536
201,201
50,50
558,558
544,544
473,473
243,243
594,594
617,619
357,357
319,319
94,94
87,87
379,379
305,305
310,310
501,501
192,192
522,522
169,156
200,200
454,454
472,472
516,516
77,77
600,600
131,131
578,578
331,331
326,326
259,259
605,605
169,169
402,402
23,23
50,50
436,436
201,201
571,571
87,87
655,655
306,306
253,253
500,500
185,185
50,50
120,120
418,418
400,400
206,206
333,333
44,44
612,612
586,586
285,285
199,199
133,133
474,474
133,133
546,546
487,487
20,20
641,641
649,649
238,238
85,85
635,635
348,348
77,77
251,251
24,24
561,561
586,586
102,102
206,206
542,542
55,55
565,565
334,334
572,572
451,451
409,409
134,134
306,306
223,223
287,276
251,251
608,608
57,57
435,435
231,231
361,361
295,295
255,255
9,9
3,3
26,26
459,459
215,215
180,180
10,10
272,272
95,95
647,647
137,137
630,630
532,532
623,623
40,40
76,76
50,50
565,565
249,249
339,339
293,293
394,394
236,236
275,275
67,67
602,602
629,629
54,54
476,476
145,145
393,393
636,636
102,102
293,327
300,300
599,599
367,367
146,146
260,256
604,595
125,125
212,212
14,14
650,650
458,458
453,453
103,103
295,295
652,652
495,495
486,486
629,629
35,35
594,594
156,156
577,577
435,435
72,72
376,376
78,78
614,614
443,443
296,296
148,148
40,40
547,547
581,581
87,87
337,337
374,374
259,259
4,4
356,356
489,489
172,172
590,590
588,588
484,484
382,382
444,444
342,342
394,394
30,30
296,296
39,39
599,599
34,34
629,629
67,67
10,10
474,474
489,489
104,104
479,479
281,281
65,65
567,567
312,312
625,625
501,501
640,640
555,555
12,12
514,514
592,592
549,549
653,653
379,379
204,204
365,365
510,510
321,321
262,262
433,433
511,511
573,573
370,370
595,595
152,152
391,391
556,556
539,488
621,621
655,655
442,442
98,98
362,362
457,457
168,168
603,603
380,380
599,599
331,331
578,578
67,67
458,458
111,111
356,356
392,392
11,11
431,431
286,286
160,160
99,99
352,352
503,503
381,381
530,530
124,124
563,563
600,600
616,616
75,75
532,532
68,68
573,573
52,52
116,116
128,128
347,347
62,62
201,201
18,18
603,603
521,521
249,249
50,50
344,344
537,537
212,212
83,83
648,648
119,119
439,439
71,71
513,513
185,185
570,570
210,210
337,337
431,431
545,545
561,561
536,536
509,509
592,592
549,549
654,654
110,110
629,629
558,558
321,321
389,389
575,575
452,452
422,422
2,2
209,209
213,213
587,587
264,264
303,303
152,152
312,312
299,299
291,291
390,390
491,491
124,122
308,308
21,21
31,31
108,108
335,138
46,46
471,471
9,9
427,427
387,387
396,396
425,425
514,514
488,488
384,384
258,258
304,304
111,111
630,630
204,204
643,643
144,144
568,568
529,529
386,386
294,294
153,153
502,502
418,418
267,267
440,440
607,607
371,371
159,159
608,608
145,145
657,657
539,539
619,619
423,423
459,459
73,73
567,567
579,579
357,357
323,323
191,191
619,619
127,127
483,483
401,401
91,91
540,540
650,650
311,311
600,600
49,49
523,523
77,77
584,584
306,306
335,301
142,142
74,74
443,443
385,385
149,149
294,294
559,559
284,284
572,572
535,535
186,186
175,175
379,379
616,616
296,296
346,346
258,258
315,315
543,543
513,513
136,136
119,119
249,249
449,449
189,189
112,112
40,40
569,569
516,516
178,178
495,495
352,352
68,68
11,11
349,349
156,156
291,291
312,312
606,606
262,262
326,326
432,432
237,237
134,134
305,305
359,359
383,383
649,649
105,105
7,7
325,325
205,205
429,429
142,142
394,394
94,94
379,379
70,70
640,640
631,631
587,587
215,215
641,641
450,450
190,190
231,231
283,283
250,250
394,394
299,299
644,644
9,9
229,229
605,605
447,447
309,309
71,71
329,329
200,200
430,430
165,165
126,126
388,388
355,355
586,586
297,297
357,362
514,514
62,62
655,655
518,518
146,146
207,207
564,564
436,436
540,540
428,428
119,119
638,638
572,572
406,406
211,211
469,214
545,545
532,532
505,505
461,461
229,229
455,455
438,438
36,36
541,541
504,504
73,73
339,339
528,528
214,214
579,579
558,558
47,47
20,20
470,470
601,601
289,289
571,571
104,104
447,447
30,30
340,340
303,303
360,360
431,431
121,121
582,582
507,507
373,373
248,248
97,97
80,80
413,413
142,142
105,105
499,499
603,603
310,310
555,555
378,378
582,582
88,88
112,112
176,176
620,620
247,247
360,360
32,32
313,228
51,51
550,550
293,293
593,593
341,341
483,483
444,444
648,648
89,95
649,649
52,52
368,368
183,183
620,620
77,77
544,544
410,410
428,428
483,483
285,557
79,79
110,110
267,267
505,505
103,103
391,391
136,136
369,369
641,641
192,192
55,55
153,153
427,427
612,612
427,427
307,307
86,86
108,108
399,399
33,33
249,249
507,507
22,22
136,136
601,601
342,342
135,135
398,398
521,521
503,503
151,151
471,471
341,341
653,653
114,114
170,170
271,271
160,160
32,32
477,477
105,105
103,103
591,591
135,135
593,593
171,171
163,163
513,513
230,230
642,642
338,338
130,130
9,9
148,148
109,109
617,617
218,218
36,36
197,197
370,370
4,4
573,573
38,38
165,165
506,506
423,423
75,75
188,188
22,22
438,438
531,531
258,258
376,376
318,318
308,308
531,531
115,115
95,95
191,537
264,264
539,539
46,46
204,204
240,240
67,67
220,220
609,609
203,203
605,605
195,195
402,402
100,100
45,45
562,562
32,32
532,532
51,51
399,399
34,34
515,515
28,28
112,112
383,383
330,330
628,628
266,266
333,333
515,515
132,132
515,515
25,25
495,495
571,571
486,486
153,153
394,394
364,364
139,139
322,322
596,596
475,475
546,546
457,457
477,477
392,392
439,439
593,593
38,38
615,615
121,410
8,8
9,9
439,439
57,57
643,643
192,192
402,402
523,523
21,21
641,641
548,548
29,29
548,548
322,322
455,455
165,165
198,198
440,440
218,218
173,173
619,619
250,250
27,27
99,99
157,157
398,398
217,217
28,28
246,246
350,350
478,478
106,106
263,263
625,625
72,72
14,14
403,403
580,580
13,137
46,46
264,264
72,72
6,6
214,214
52,52
568,598
259,259
239,239
79,79
147,96
151,151
348,348
290,290
539,488
477,477
300,300
551,551
270,270
612,612
48,48
565,565
258,258
88,88
33,33
279,279
414,414
558,558
175,175
